{
  "token_acc": 0.9998648542,
  "token_p": 0.9998648542,
  "token_r": 0.9997297449,
  "token_f": 0.999797295,
  "pos_acc": 0.9817440564,
  "morph_acc": 0.9520345072,
  "morph_micro_p": 0.9788221811,
  "morph_micro_r": 0.971644332,
  "morph_micro_f": 0.975220049,
  "morph_per_feat": {
    "Case": {
      "p": 0.9686193271,
      "r": 0.9636471194,
      "f": 0.9661268259
    },
    "Gender": {
      "p": 0.9746531551,
      "r": 0.9700933169,
      "f": 0.9723678903
    },
    "Number": {
      "p": 0.9899408645,
      "r": 0.9843996282,
      "f": 0.9871624702
    },
    "PronType": {
      "p": 0.9872650091,
      "r": 0.9758729207,
      "f": 0.9815359108
    },
    "Animacy": {
      "p": 0.9760785849,
      "r": 0.966614957,
      "f": 0.9713237204
    },
    "Abbr": {
      "p": 0.9577639752,
      "r": 0.9425427873,
      "f": 0.9500924214
    },
    "Uninflect": {
      "p": 0.968528232,
      "r": 0.9256856385,
      "f": 0.9466224367
    },
    "Aspect": {
      "p": 0.9755776818,
      "r": 0.971744012,
      "f": 0.9736570732
    },
    "Mood": {
      "p": 0.9949219246,
      "r": 0.9917742344,
      "f": 0.9933455859
    },
    "Tense": {
      "p": 0.9909031839,
      "r": 0.9867995341,
      "f": 0.9888471015
    },
    "VerbForm": {
      "p": 0.9932368965,
      "r": 0.9893338323,
      "f": 0.9912815225
    },
    "Person": {
      "p": 0.9948632974,
      "r": 0.9909225945,
      "f": 0.9928890359
    },
    "PunctType": {
      "p": 0.9995053178,
      "r": 1.0,
      "f": 0.9997525977
    },
    "Polarity": {
      "p": 1.0,
      "r": 0.996875,
      "f": 0.9984350548
    },
    "PartType": {
      "p": 1.0,
      "r": 0.9871794872,
      "f": 0.9935483871
    },
    "NameType": {
      "p": 0.8845198675,
      "r": 0.8856195607,
      "f": 0.8850693725
    },
    "Degree": {
      "p": 0.9642379679,
      "r": 0.9459016393,
      "f": 0.9549817941
    },
    "Poss": {
      "p": 0.9824797844,
      "r": 0.9851351351,
      "f": 0.983805668
    },
    "Foreign": {
      "p": 0.9575221239,
      "r": 0.6944801027,
      "f": 0.8050595238
    },
    "Voice": {
      "p": 0.950991832,
      "r": 0.9324942792,
      "f": 0.9416522241
    },
    "NumType": {
      "p": 0.9761712439,
      "r": 0.97420395,
      "f": 0.9751866048
    },
    "Reflex": {
      "p": 0.9952830189,
      "r": 0.9952830189,
      "f": 0.9952830189
    },
    "Variant": {
      "p": 0.9565217391,
      "r": 0.511627907,
      "f": 0.6666666667
    },
    "Hyph": {
      "p": 0.9326923077,
      "r": 0.97,
      "f": 0.9509803922
    },
    "Animacy[gram]": {
      "p": 0.7857142857,
      "r": 0.4583333333,
      "f": 0.5789473684
    },
    "Orth": {
      "p": 1.0,
      "r": 0.6153846154,
      "f": 0.7619047619
    }
  },
  "sents_p": 0.9447567358,
  "sents_r": 0.9088196905,
  "sents_f": 0.9264398403,
  "dep_uas": 0.9379837528,
  "dep_las": 0.9169280929,
  "dep_las_per_type": {
    "nsubj": {
      "p": 0.9335943873,
      "r": 0.9395730706,
      "f": 0.9365741877
    },
    "case": {
      "p": 0.9893807288,
      "r": 0.9896019678,
      "f": 0.9894913359
    },
    "nmod": {
      "p": 0.8987118221,
      "r": 0.9143853715,
      "f": 0.9064808508
    },
    "obl": {
      "p": 0.9113532856,
      "r": 0.8982045527,
      "f": 0.9047311481
    },
    "root": {
      "p": 0.9567745687,
      "r": 0.9203803841,
      "f": 0.9382246721
    },
    "mark": {
      "p": 0.9266535691,
      "r": 0.9490274983,
      "f": 0.9377070908
    },
    "ccomp": {
      "p": 0.8933764136,
      "r": 0.8862179487,
      "f": 0.8897827836
    },
    "amod": {
      "p": 0.9798884322,
      "r": 0.9760198859,
      "f": 0.9779503333
    },
    "obj": {
      "p": 0.9354171455,
      "r": 0.9315632868,
      "f": 0.9334862385
    },
    "cc": {
      "p": 0.9403377111,
      "r": 0.9449472097,
      "f": 0.9426368253
    },
    "advmod": {
      "p": 0.9238299904,
      "r": 0.9349927501,
      "f": 0.9293778525
    },
    "conj": {
      "p": 0.815,
      "r": 0.8247944339,
      "f": 0.819867966
    },
    "advcl": {
      "p": 0.750339213,
      "r": 0.786628734,
      "f": 0.7680555556
    },
    "discourse": {
      "p": 0.8431018936,
      "r": 0.8011996572,
      "f": 0.8216168717
    },
    "xcomp": {
      "p": 0.9585020243,
      "r": 0.9803312629,
      "f": 0.9692937564
    },
    "cop": {
      "p": 0.9157175399,
      "r": 0.9033707865,
      "f": 0.9095022624
    },
    "det": {
      "p": 0.9587525151,
      "r": 0.9650632911,
      "f": 0.9618975524
    },
    "csubj": {
      "p": 0.8833333333,
      "r": 0.8525469169,
      "f": 0.8676671214
    },
    "appos": {
      "p": 0.6747663551,
      "r": 0.5879478827,
      "f": 0.6283724978
    },
    "compound": {
      "p": 0.8953846154,
      "r": 0.909375,
      "f": 0.9023255814
    },
    "flat:title": {
      "p": 0.8155737705,
      "r": 0.8236754967,
      "f": 0.8196046129
    },
    "flat:name": {
      "p": 0.9462915601,
      "r": 0.943877551,
      "f": 0.945083014
    },
    "nummod:gov": {
      "p": 0.866419295,
      "r": 0.9265873016,
      "f": 0.895493768
    },
    "parataxis": {
      "p": 0.6542649728,
      "r": 0.7027290448,
      "f": 0.6776315789
    },
    "acl:relcl": {
      "p": 0.81678487,
      "r": 0.8396111786,
      "f": 0.828040743
    },
    "dep": {
      "p": 0.5268817204,
      "r": 0.2390243902,
      "f": 0.3288590604
    },
    "parataxis:discourse": {
      "p": 0.8966666667,
      "r": 0.8649517685,
      "f": 0.8805237316
    },
    "aux": {
      "p": 0.9345238095,
      "r": 0.9345238095,
      "f": 0.9345238095
    },
    "nummod": {
      "p": 0.8745387454,
      "r": 0.8859813084,
      "f": 0.8802228412
    },
    "acl": {
      "p": 0.9174917492,
      "r": 0.8527607362,
      "f": 0.8839427663
    },
    "iobj": {
      "p": 0.8131868132,
      "r": 0.7668393782,
      "f": 0.7893333333
    },
    "expl": {
      "p": 0.8113207547,
      "r": 0.7962962963,
      "f": 0.8037383178
    },
    "orphan": {
      "p": 0.5531914894,
      "r": 0.4875,
      "f": 0.5182724252
    },
    "flat:foreign": {
      "p": 0.75,
      "r": 0.8510638298,
      "f": 0.7973421927
    },
    "fixed": {
      "p": 0.7359550562,
      "r": 0.8136645963,
      "f": 0.7728613569
    },
    "xcomp:sp": {
      "p": 0.8455598456,
      "r": 0.8233082707,
      "f": 0.8342857143
    },
    "flat:range": {
      "p": 0.8252427184,
      "r": 0.8095238095,
      "f": 0.8173076923
    },
    "det:numgov": {
      "p": 0.9393939394,
      "r": 0.9393939394,
      "f": 0.9393939394
    },
    "flat:sibl": {
      "p": 0.0,
      "r": 0.0,
      "f": 0.0
    },
    "advmod:det": {
      "p": 1.0,
      "r": 0.75,
      "f": 0.8571428571
    },
    "flat:abs": {
      "p": 1.0,
      "r": 0.7857142857,
      "f": 0.88
    },
    "vocative": {
      "p": 0.8,
      "r": 0.5,
      "f": 0.6153846154
    },
    "flat:repeat": {
      "p": 0.4,
      "r": 0.3333333333,
      "f": 0.3636363636
    },
    "advcl:sp": {
      "p": 0.0,
      "r": 0.0,
      "f": 0.0
    },
    "advcl:svc": {
      "p": 0.7142857143,
      "r": 0.5555555556,
      "f": 0.625
    }
  },
  "tag_acc": 0.9817440564,
  "lemma_acc": 0.0,
  "ents_p": 0.8768624014,
  "ents_r": 0.8813036776,
  "ents_f": 0.87907743,
  "ents_per_type": {
    "ORG": {
      "p": 0.8156028369,
      "r": 0.8110014104,
      "f": 0.8132956153
    },
    "LOC": {
      "p": 0.9066827213,
      "r": 0.9001793186,
      "f": 0.9034193161
    },
    "PER": {
      "p": 0.9015405224,
      "r": 0.9282758621,
      "f": 0.914712878
    }
  },
  "speed": 2497.4457737799
}